Effective Date,PE CLASSES,Step 1,Step 2,Step 3,Step 4,Step 5,Step 6,Step 7,Step 8 ,Step 9,Grade
"JUNE 1, 2023 (4.8%)",14A-PE192,$24.97,$25.64,$26.34,$27.00,$27.66,$28.33,$29.02,$29.68,$ -,5
"JUNE 1, 2023 (4.8%)",14A-PE194,$24.97,$25.64,$26.34,$27.00,$27.66,$28.33,$29.02,$29.68,$ -,5
"JUNE 1, 2023 (4.8%)",14A-PE254,$24.97,$25.64,$26.34,$27.00,$27.66,$28.33,$29.02,$29.68,$ -,5
"JUNE 1, 2023 (4.8%)",14A-PE260,$24.97,$25.64,$26.34,$27.00,$27.66,$28.33,$29.02,$29.68,$ -,5
"JUNE 1, 2023 (4.8%)",14A-PE244,$28.55,$29.22,$29.94,$30.73,$31.46,$32.28,$33.10,$33.89,$ -,6
"JUNE 1, 2023 (4.8%)",14A-PE255,$28.55,$29.22,$29.94,$30.73,$31.46,$32.28,$33.10,$33.89,$ -,6
"JUNE 1, 2023 (4.8%)",14A-PE261,$28.55,$29.22,$29.94,$30.73,$31.46,$32.28,$33.10,$33.89,$ -,6
"JUNE 1, 2023 (4.8%)",14A-PE275,$28.55,$29.22,$29.94,$30.73,$31.46,$32.28,$33.10,$33.89,$ -,6
"JUNE 1, 2023 (4.8%)",14A-PE100,$28.55,$29.22,$29.94,$30.73,$31.46,$32.28,$33.10,$33.89,$ -,7
"JUNE 1, 2023 (4.8%)",14A-PE196,$28.55,$29.22,$29.94,$30.73,$31.46,$32.28,$33.10,$33.89,$ -,7
"JUNE 1, 2023 (4.8%)",14A-PE200,$28.55,$29.22,$29.94,$30.73,$31.46,$32.28,$33.10,$33.89,$ -,7
"JUNE 1, 2023 (4.8%)",14A-PE207,$28.55,$29.22,$29.94,$30.73,$31.46,$32.28,$33.10,$33.89,$ -,7
"JUNE 1, 2023 (4.8%)",14A-PE225,$28.55,$29.22,$29.94,$30.73,$31.46,$32.28,$33.10,$33.89,$ -,7
"JUNE 1, 2023 (4.8%)",14A-PE235,$28.55,$29.22,$29.94,$30.73,$31.46,$32.28,$33.10,$33.89,$ -,7
"JUNE 1, 2023 (4.8%)",14A-PE247,$28.55,$29.22,$29.94,$30.73,$31.46,$32.28,$33.10,$33.89,$ -,7
"JUNE 1, 2023 (4.8%)",14A-PE256,$28.55,$29.22,$29.94,$30.73,$31.46,$32.28,$33.10,$33.89,$ -,7
"JUNE 1, 2023 (4.8%)",14A-PE270,$28.55,$29.22,$29.94,$30.73,$31.46,$32.28,$33.10,$33.89,$ -,7
"JUNE 1, 2023 (4.8%)",14A-PE130,$32.32,$33.21,$34.08,$34.96,$35.82,$36.72,$37.57,$38.46,$ -,7
"JUNE 1, 2023 (4.8%)",14A-PE262,$32.32,$33.21,$34.08,$34.96,$35.82,$36.72,$37.57,$38.46,$ -,7
"JUNE 1, 2023 (4.8%)",14A-PE115,$31.83,$32.60,$33.35,$34.14,$34.95,$35.75,$36.62,$37.41,$38.29,8
"JUNE 1, 2023 (4.8%)",14A-PE236,$32.32,$33.10,$33.85,$34.63,$35.38,$36.14,$36.93,$37.69,$38.46,8
"JUNE 1, 2023 (4.8%)",14A-PE248,$35.65,$36.49,$37.32,$38.18,$39.13,$39.99,$41.01,$41.91,$42.87,8
"JUNE 1, 2023 (4.8%)",14A-PE160,$35.65,$36.49,$37.32,$38.18,$39.13,$39.99,$41.01,$41.91,$42.87,9
"JUNE 1, 2023 (4.8%)",14A-PE180,$35.65,$36.49,$37.32,$38.18,$39.13,$39.99,$41.01,$41.91,$42.87,9
"JUNE 1, 2023 (4.8%)",14A-PE175,$35.65,$36.49,$37.32,$38.18,$39.13,$39.99,$41.01,$41.91,$42.87,10
"JUNE 1, 2023 (4.8%)",14A-PE182,$35.65,$36.49,$37.32,$38.18,$39.13,$39.99,$41.01,$41.91,$42.87,10
Effective Date,PE CLASSES,Step 1,Step 2,Step 3,Step 4,Step 5,Step 6,Step 7,Step 8 ,Step 9,Grade
"JUNE 1, 2024 (3.2%)",14A-PE192,$25.77,$26.46,$27.18,$27.86,$28.55,$29.24,$29.95,$30.63,$ -,5
"JUNE 1, 2024 (3.2%)",14A-PE194,$25.77,$26.46,$27.18,$27.86,$28.55,$29.24,$29.95,$30.63,$ -,5
"JUNE 1, 2024 (3.2%)",14A-PE254,$25.77,$26.46,$27.18,$27.86,$28.55,$29.24,$29.95,$30.63,$ -,5
"JUNE 1, 2024 (3.2%)",14A-PE260,$25.77,$26.46,$27.18,$27.86,$28.55,$29.24,$29.95,$30.63,$ -,5
"JUNE 1, 2024 (3.2%)",14A-PE244,$29.46,$30.16,$30.90,$31.71,$32.47,$33.31,$34.16,$34.97,$ -,6
"JUNE 1, 2024 (3.2%)",14A-PE255,$29.46,$30.16,$30.90,$31.71,$32.47,$33.31,$34.16,$34.97,$ -,6
"JUNE 1, 2024 (3.2%)",14A-PE261,$29.46,$30.16,$30.90,$31.71,$32.47,$33.31,$34.16,$34.97,$ -,6
"JUNE 1, 2024 (3.2%)",14A-PE275,$29.46,$30.16,$30.90,$31.71,$32.47,$33.31,$34.16,$34.97,$ -,6
"JUNE 1, 2024 (3.2%)",14A-PE100,$29.46,$30.16,$30.90,$31.71,$32.47,$33.31,$34.16,$34.97,$ -,7
"JUNE 1, 2024 (3.2%)",14A-PE196,$29.46,$30.16,$30.90,$31.71,$32.47,$33.31,$34.16,$34.97,$ -,7
"JUNE 1, 2024 (3.2%)",14A-PE200,$29.46,$30.16,$30.90,$31.71,$32.47,$33.31,$34.16,$34.97,$ -,7
"JUNE 1, 2024 (3.2%)",14A-PE207,$29.46,$30.16,$30.90,$31.71,$32.47,$33.31,$34.16,$34.97,$ -,7
"JUNE 1, 2024 (3.2%)",14A-PE225,$29.46,$30.16,$30.90,$31.71,$32.47,$33.31,$34.16,$34.97,$ -,7
"JUNE 1, 2024 (3.2%)",14A-PE235,$29.46,$30.16,$30.90,$31.71,$32.47,$33.31,$34.16,$34.97,$ -,7
"JUNE 1, 2024 (3.2%)",14A-PE247,$29.46,$30.16,$30.90,$31.71,$32.47,$33.31,$34.16,$34.97,$ -,7
"JUNE 1, 2024 (3.2%)",14A-PE256,$29.46,$30.16,$30.90,$31.71,$32.47,$33.31,$34.16,$34.97,$ -,7
"JUNE 1, 2024 (3.2%)",14A-PE270,$29.46,$30.16,$30.90,$31.71,$32.47,$33.31,$34.16,$34.97,$ -,7
"JUNE 1, 2024 (3.2%)",14A-PE130,$33.35,$34.27,$35.17,$36.08,$36.97,$37.90,$38.77,$39.69,$ -,7
"JUNE 1, 2024 (3.2%)",14A-PE262,$33.35,$34.27,$35.17,$36.08,$36.97,$37.90,$38.77,$39.69,$ -,7
"JUNE 1, 2024 (3.2%)",14A-PE115,$32.85,$33.64,$34.42,$35.23,$36.07,$36.89,$37.79,$38.61,$39.52,8
"JUNE 1, 2024 (3.2%)",14A-PE236,$33.35,$34.16,$34.93,$35.74,$36.51,$37.30,$38.11,$38.90,$39.69,8
"JUNE 1, 2024 (3.2%)",14A-PE248,$36.79,$37.66,$38.51,$39.40,$40.38,$41.27,$42.32,$43.25,$44.24,8
"JUNE 1, 2024 (3.2%)",14A-PE160,$36.79,$37.66,$38.51,$39.40,$40.38,$41.27,$42.32,$43.25,$44.24,9
"JUNE 1, 2024 (3.2%)",14A-PE180,$36.79,$37.66,$38.51,$39.40,$40.38,$41.27,$42.32,$43.25,$44.24,9
"JUNE 1, 2024 (3.2%)",14A-PE175,$36.79,$37.66,$38.51,$39.40,$40.38,$41.27,$42.32,$43.25,$44.24,10
"JUNE 1, 2024 (3.2%)",14A-PE182,$36.79,$37.66,$38.51,$39.40,$40.38,$41.27,$42.32,$43.25,$44.24,10
